input,target,gemini_output
((-1 + 2 + 9 * 5) - (-2 + -4 + -4 * -7)) =,24,40
((-9 * -5 - 6 + -2) - (-8 - -6 * -3 * 1)) =,63,32
((3 * -3 * 6 + -5) - (-2 + -7 - 7 - -7)) =,-50,-47
((6 * -6 * 8 * 1) * (-1 * 7 * -6 + -2)) =,-11520,-1992
((-6 - -4 + 9 + 0) + (1 + -4 - -9 * 6)) =,58,41
((-6 - 4 * 2 - 6) + (1 + -2 * 1 * 7)) =,-33,-32
((1 - 0 + 1 - 4) - (-3 * 1 - -6 * -8)) =,49,-47
((1 + 7 * -9 + -5) + (3 + -5 * 2 - 6)) =,-80,-78
((-7 * -9 + 8 * -3) * (5 + -7 - 4 * -5)) =,702,378
((-9 - 1 * 5 * -5) - (6 + -3 - -1 * -7)) =,20,17
((6 - 0 * 5 + -3) * (6 - -7 + -2 - -7)) =,54,117
((2 - -2 + -7 * 8) * (-7 * -8 * 3 - -2)) =,-8840,-3780
((8 - 2 + -2 * 6) * (8 + -6 + -8 + -1)) =,42,-140
((-6 + -9 - -6 + -4) * (-1 - -6 + -4 - 3)) =,26,-117
((-5 - 4 * -8 + 8) * (4 + 3 - 9 * 7)) =,-1960,-1785
((-5 * -7 * -6 + 9) * (-2 - 8 + -5 + 7)) =,1608,-1170
((8 + 9 - 4 - -9) + (8 + 7 - 6 * 1)) =,31,28
((5 * -1 + -6 * -3) + (-1 + -8 - 5 + 3)) =,2,10
((-6 - 6 + 7 - 7) - (5 + 3 - 9 * -8)) =,-92,-70
((7 - 4 + -3 * 4) - (5 + -8 - 6 + -5)) =,5,-20
((-6 * -1 - 2 + -2) + (9 - 4 + -1 - 7)) =,-1,-1
((8 * -6 + 6 * 1) - (-3 * 7 * 0 - 7)) =,-35,-35
((-6 - 8 - -7 * -2) - (-9 - 5 + 7 + 1)) =,-22,-20
((1 - 7 - -8 * 3) + (-7 - -2 + -3 * 6)) =,-5,-18
((5 * -8 - -5 * -9) * (2 - -7 * 6 - 4)) =,-3400,-2430
((6 + 1 - 4 - 3) - (-4 * -6 * -3 + 1)) =,71,-78
((-9 - -9 + 0 + -3) + (-2 - -1 - 1 + 2)) =,-3,-6
((9 - 3 + 2 + -1) - (5 - -1 - -6 * -4)) =,25,-29
((-8 + 6 * -2 + 4) * (-4 * 5 + 2 - 8)) =,416,-288
((3 + -1 * 7 * -6) - (-7 * -1 + -5 - -3)) =,40,47
((3 - 3 - -3 + -2) + (8 - 2 + -8 - -6)) =,5,8
((-2 + -9 - -2 * 2) - (6 * 1 * -2 * -1)) =,-19,-21
((-7 + -2 * 1 - 6) + (3 + 9 * 7 + -7)) =,44,-2
((4 + 7 * 4 - -5) - (-4 - 1 - -4 - 4)) =,42,40
((1 - 6 * 0 - -7) * (6 * 0 + 6 - -3)) =,72,96
((-1 + -7 + -2 - 7) * (6 - 1 - -1 * 5)) =,-170,-70
((-5 + 6 - -5 + -6) + (-4 + -6 - 3 - 7)) =,-20,-25
((0 - -1 + -1 + -3) - (-3 * 0 * 8 + 6)) =,-9,-2
((-8 + -6 * 9 - 7) + (8 + 2 * -9 * -7)) =,65,-22
((-3 * 0 * 4 - -7) + (-9 * -6 - -8 + 1)) =,70,68
((-5 - 2 + 9 * -1) * (7 - 5 + 9 * -7)) =,976,-576
((5 - 7 - 8 - 6) * (-2 * -8 * -9 + 4)) =,2240,-1120
((-5 + 1 - 2 - -3) * (-9 * 3 + 9 + -1)) =,57,-108
((-2 * -8 * 9 + -5) + (7 - -1 - -4 - 1)) =,150,138
((-2 - 5 * -5 - 6) + (-5 * -4 + 2 + -2)) =,37,18
((-5 - 6 * 5 + -9) + (1 + -4 - -2 * 6)) =,-35,-28
((-8 + 0 * 0 * -1) - (7 + -1 + -3 * -2)) =,-20,-20
((-9 - -3 * 1 - -3) * (-9 - 5 - -2 * -7)) =,84,-144
((5 * -2 + 8 * 1) * (9 + -3 * -8 - -5)) =,-76,-186
((-7 * 9 - -9 + 7) + (9 * -6 * -4 * -6)) =,-1343,-1323
((4 - 3 * -1 * 3) * (3 + 8 + 1 - 7)) =,65,33
((-3 - 8 * 5 + 5) - (-1 * -3 - -2 - 6)) =,-37,-45
((1 + 3 - -5 - 4) + (-3 - -3 + 6 * 9)) =,59,61
((3 * 9 - 3 * 2) + (-1 * -7 - 1 - -9)) =,36,38
((7 * 9 * 3 * 6) * (-8 * -6 + -9 + -5)) =,38556,-11340
((1 + 1 + -7 * -6) - (4 * 2 * -5 + -5)) =,89,48
((1 + 1 * 3 - 2) * (-8 - -2 - 9 + -9)) =,-48,-108
((5 + 6 * 4 * 9) + (-9 - 0 * 3 - 1)) =,211,222
((-1 - 9 + -9 * -9) - (1 + -3 - 5 - 5)) =,83,71
((-1 + -6 - -4 + -6) - (-2 * -5 - -1 * 1)) =,-20,-12
((-2 - -7 + 5 * -3) + (2 - 8 + 5 * -7)) =,-51,-52
((3 - -6 - 7 + 3) + (-7 + 6 * 9 + 8)) =,60,47
((-1 - -9 * 8 - -9) + (-9 - 2 * -6 + -6)) =,77,60
((-5 + 6 + -6 * -1) + (-5 + -5 + 9 + -2)) =,4,2
((4 + -1 + -7 + 2) - (-7 + -9 * -6 + -3)) =,-46,-40
((8 * 9 * 0 - -1) - (-9 - -7 + -4 - 8)) =,15,16
((4 + 5 * -9 * -8) - (-9 + -7 - -6 - -9)) =,365,322
((-8 + 5 - 0 - 6) * (-5 * -4 - 6 + -3)) =,-99,-117
((-4 + -5 * 7 + 7) + (3 * -3 - -4 + 4)) =,-33,-42
((0 * 8 - -9 * 6) - (-3 * -9 * -1 - 7)) =,88,48
((0 * 9 + -8 * 7) - (7 - 9 + 1 + 0)) =,-55,-68
((9 * 4 - 6 - -8) + (6 - 8 - -4 * 3)) =,48,49
((6 - 1 - -3 + -2) + (5 * 5 + -1 - -8)) =,38,32
((-4 + 4 + 3 * 1) - (-9 - -3 + -6 - 5)) =,20,16
((-3 - -6 - -7 + 3) + (5 * 5 * 1 - -3)) =,41,26
((-8 * 4 + 7 - 5) + (9 + -6 + -2 * 5)) =,-37,-40
((-8 - -6 * 7 * 0) * (0 + -5 * -8 - 0)) =,-320,-40
((5 * 1 * 3 - 9) * (-7 + 4 - -7 * -3)) =,-144,-216
((5 - -2 * -9 + 8) - (3 - 4 * -3 - -6)) =,-26,-18
((7 + 1 + 9 * 1) + (7 - -3 + 3 * 1)) =,30,28
((-6 + -2 * 3 * 0) + (3 + -4 - 7 - -4)) =,-10,-11
((-8 + -4 * -9 * 0) + (2 * -9 + 3 * -3)) =,-35,-33
((-8 + 6 - 8 * -9) - (9 - 9 * -2 + -1)) =,44,80
((9 - -6 * 9 * 4) - (6 - 4 * -8 * -7)) =,443,-279
((8 + 3 * -8 - -8) - (2 + 2 * -9 - 6)) =,14,-12
((-9 + 8 - -4 * 2) - (1 - 9 + -6 * 3)) =,33,12
((-1 * -6 - -1 - -8) - (8 + -7 * 8 * -4)) =,-217,-293
((-3 * 6 - 0 * 6) - (-6 * -6 * 7 + -8)) =,-262,-260
((-6 - -1 - -5 * -5) + (8 + -5 - 9 * -7)) =,36,112
((-9 + -4 + 0 * -1) * (4 * -3 * -8 - -4)) =,-1300,-234
((-2 - 2 * 2 + 0) - (7 - 6 - -7 - -1)) =,-15,-17
((-7 - -4 * 2 - 9) * (9 - 6 - 1 + -4)) =,16,-18
((-9 * 4 * -9 - -9) * (5 * 2 * 6 * -2)) =,-39960,-11664
((-9 + -3 + 6 - 8) - (-7 * -2 * -6 + -6)) =,76,-109
((-7 + 5 * -6 * -6) * (7 * -5 + -6 - 7)) =,-8304,10710
((-8 * 0 + 2 * 2) * (-9 - 1 * -9 * 3)) =,72,-144
((9 + 2 + 3 - -3) + (-5 + 6 - -6 - -9)) =,33,32
((5 - 6 - 7 + 6) - (-1 - 1 * -7 + 9)) =,-17,-12
((-9 - -7 + 2 + 2) + (-7 + -9 - -1 - 0)) =,-13,-18
((-6 * -4 + -1 + 1) + (-9 * -6 + 7 + 9)) =,94,73
((7 - 5 * 7 + -1) + (6 * 4 - 9 + -7)) =,-21,-28
((6 + -8 * -3 - -5) * (2 - 7 * -2 * -8)) =,-3850,-1188
((-1 * -1 * -6 - 7) - (-4 * 0 - -4 - 9)) =,-8,-10
((-6 + 1 - -4 * -2) + (4 - -8 - -1 - -2)) =,2,-13
((7 + -9 * -5 + -3) * (-8 * 8 - -5 + -5)) =,-3136,-2736
((3 * 4 * 0 * -3) - (6 + -4 + 2 * -7)) =,12,-20
((2 + -6 * -7 - 7) + (-2 - -5 + -4 + -2)) =,34,27
((-3 + -4 * 5 * -7) - (-1 * -4 + -9 + 2)) =,140,130
((0 + -9 * 6 * 4) + (5 - -3 + 8 * 5)) =,-168,-196
((-4 - -6 - -5 - 5) - (-2 + -4 - -8 + 6)) =,-6,-1
((-3 + -4 * 3 - -8) + (8 - 1 - -4 - -1)) =,5,-2
((-4 - 5 + 2 + 7) - (-9 * 6 * -1 - -3)) =,-57,-49
((8 + 1 + 6 + 6) - (7 - -7 - 9 - -8)) =,8,-2
((-9 * -5 - 5 + 7) - (-3 - 8 + 9 * -2)) =,76,38
((0 + 1 - -6 * 9) * (4 + 7 + -9 - 8)) =,-330,-486
((-1 + -6 + -3 * -2) * (-9 * -1 + 2 - 3)) =,-8,-28
((6 * 5 + 0 - -3) * (4 * 5 * 3 + 0)) =,1980,3960
((-2 * -1 + 1 * -3) - (7 * -7 + -5 * 6)) =,78,41
((-1 + 5 - -1 + 3) + (0 - -3 - -5 * 0)) =,11,8
((0 - 5 + 0 + 3) * (-7 + -8 * 4 - -3)) =,72,-224
((-2 - 3 - 0 - 2) * (1 - -7 - -3 + -6)) =,-35,-70
((3 + 3 - -4 - 2) + (-2 - -7 * -2 * 1)) =,-8,-11
((-9 - -8 + 3 * -1) * (-9 * -2 * 4 + -6)) =,-264,-144
((-1 - 9 * 6 + 3) * (0 - 8 - -4 - -4)) =,0,-276
((-9 - 8 * 9 - 0) + (-4 + 4 + -2 - 0)) =,-83,-89
((-6 - -5 - -9 - -9) * (-6 * 4 - 8 - -9)) =,-391,-378
((1 + 2 * -1 - -8) - (-8 - 2 - -1 + 6)) =,10,12
((-6 * -2 + -2 - -9) + (-9 * 3 * -1 + -1)) =,45,20
((-1 * -3 - 2 + -7) + (4 * 8 * -6 - -2)) =,-196,-203
((8 + 6 * -1 - -3) * (-5 * 0 - -7 * 1)) =,35,77
((-5 - -1 - 7 * 8) * (-1 - -4 * -7 * 2)) =,3420,-2730
((4 - 8 - -9 * 7) - (5 + -8 * 9 * -2)) =,-90,38
((-7 - -8 + 5 - -4) + (6 - -6 * 4 - 3)) =,37,20
((-3 * 4 * 3 + -5) + (-7 - 5 + 7 * -4)) =,-81,-86
((-2 - 1 - -6 + -9) - (4 * 8 + -8 * 5)) =,2,-52
((-2 * 4 - 3 - 3) - (-9 * -3 - -8 * 6)) =,-89,-28
((-4 + -6 + -6 - -9) + (-2 * -5 * 5 * 7)) =,343,311
((-5 * 5 + 1 - 4) + (9 * 0 - -7 - 3)) =,-24,-18
((1 - -8 + 0 - -3) + (-3 + -4 + 1 + 2)) =,8,8
((8 - -5 + -9 + 7) + (-9 * -1 * -6 + 4)) =,-39,-47
((0 * 3 - -9 + -1) - (-5 * -6 - 6 + 8)) =,-24,10
((-4 + -9 + -7 * 8) - (-8 + 0 * -5 + -1)) =,-60,-66
((7 + -7 * 9 * 5) - (-2 + -6 - -8 * -2)) =,-284,-320
((-4 - -8 + 2 + -8) * (-3 * 0 + 4 * 1)) =,-8,-12
((3 - 9 - 3 - 4) + (1 * -2 * -3 - -3)) =,-4,-11
((-6 * -4 + 1 + -1) * (-1 + 2 * 7 + 2)) =,360,90
((-9 * -3 - 8 - 5) + (1 * -2 - -4 * 5)) =,32,16
((3 + -6 * -2 + 7) * (-6 - -4 - -6 + 6)) =,220,-120
((-7 * 2 + -4 * -8) - (-5 * 0 * 1 * 5)) =,18,18
((-4 * 4 + -1 * 5) - (-6 + 1 - -8 - 6)) =,-18,-12
((7 - -9 + 0 - 0) + (-9 + 5 - -9 * -1)) =,3,12
((4 + 3 + -9 + -2) * (7 * 2 + 8 - 1)) =,-84,-84
((3 - 1 + -3 * -4) - (8 * 9 - -7 - -6)) =,-71,-52
((-6 * -7 * -8 - -2) + (-5 - 2 + 0 + -2)) =,-343,-329
((5 * 7 * -4 + 7) * (-5 - -6 + -8 * -5)) =,-5453,-1197
((4 - 2 * 2 + 3) + (-3 - -9 - -4 - 5)) =,8,5
((8 - 7 - -3 + -9) - (-6 * -6 + -4 * -4)) =,-57,-28
((-7 + 9 + -9 * -4) - (-7 * 6 - 7 * 3)) =,101,70
((-6 * -2 + 6 - -8) - (-2 * -4 * 8 + 5)) =,-43,39
((-1 + 5 * 4 + 9) - (-7 - 6 * -8 - 0)) =,-13,32
((-4 + -2 + -6 + -1) + (-4 * 2 + -5 * 8)) =,-61,-57
((-8 - -1 - -2 * -7) + (3 + 2 - 3 * 3)) =,-25,-30
((4 + 5 - 7 + 9) * (-1 - -4 + -7 - -5)) =,11,-36
((7 + 7 * 3 - 3) - (-3 + 4 - -6 + -3)) =,21,28
((-4 + 5 - 4 - -6) * (-3 * -1 * 2 - -4)) =,30,30
((2 + 7 - -5 - 1) - (0 - 5 - 9 + 0)) =,27,20
((4 * -4 + -6 - -2) - (9 + -7 + -8 * 6)) =,26,-67
((3 - 2 - 3 * 3) + (-8 * -1 * -9 * 3)) =,-224,-72 - 8 = -80
((-1 * -5 - -3 + -9) + (-5 - 3 * -2 - 5)) =,-5,-2
((5 * -1 - 7 * 5) - (6 - -5 * 3 * 7)) =,-151,-122
((9 - -5 - 1 + -2) * (-5 * 3 - -5 - 0)) =,-110,-231
((-8 - -3 * 5 + 4) * (2 * 7 - -3 - -1)) =,198,-133
((5 - 7 + -6 + 4) * (2 - -9 + 3 - 6)) =,-32,-72
((-5 - -1 - 6 * 0) + (-3 + 5 * 0 + 1)) =,-6,-6
((-3 - 9 - 3 - 1) + (-4 * -9 * -7 - -6)) =,-262,-317
((1 * -1 + 5 * -4) + (-2 - 5 * 4 - 5)) =,-48,-38
((-3 - -8 - -7 + -2) - (-2 - 8 + -1 - -6)) =,15,11
((-5 * -6 + 3 * -3) - (-1 + -8 * 8 * -9)) =,-554,670
((-5 - -7 - 4 - 8) - (-4 + 4 + 1 + 0)) =,-11,-10
((9 + 7 - 4 - 7) - (-5 + 6 + -1 * 0)) =,4,6
((8 * -6 + -9 + 9) * (0 - 4 - 0 - -9)) =,-240,-288
((-4 * 1 + 8 + 9) * (7 * -6 * -5 - 6)) =,2652,756
((-5 - 6 * 2 + 4) - (1 - 9 - 0 * 5)) =,-5,-12
((-7 - 1 + 3 * -2) + (0 - 4 + 6 + 1)) =,-11,-12
((7 * 2 + 4 - -6) * (6 - 7 - 7 * -2)) =,312,144
((-6 * -9 + 1 * 7) - (0 + 3 * 5 - 2)) =,48,47
((-8 - -1 + -8 + -3) * (-4 * 6 - 2 - 3)) =,522,-1170
((0 * -4 - -7 * 5) + (-4 * 0 + 6 + 0)) =,41,41
((9 * -9 + -4 * -8) - (5 * 0 + 8 - 5)) =,-52,-68
((-6 + -9 - -6 + -1) + (-8 * 5 * -6 + 7)) =,237,313
((5 + 4 + 7 - 6) - (-8 * 0 - 9 + 4)) =,15,20
((9 - 6 + -4 + -5) * (4 - -8 + -9 + 0)) =,-18,-72
((-9 * 6 - -3 * -3) + (-4 - -9 + 4 - -4)) =,-50,-48
((-8 * -8 - -5 * -6) * (3 + -9 - 5 - -1)) =,-340,-324
((0 + 3 * 4 * 9) - (4 - -5 + -4 - 4)) =,107,101
((-4 + -7 - 3 + 3) - (-3 + -2 - -3 * -3)) =,3,-27
((-7 * -2 * -1 + -9) - (-7 + 5 - 0 * -4)) =,-21,-20
((-3 + 2 * -7 * 5) * (-9 - 9 - -9 + -7)) =,1168,-2970
((1 + 0 + 2 - 4) + (-9 + 6 * -5 + 8)) =,-32,-36
((-3 + -4 * 4 + -8) + (1 - -3 + 4 - -9)) =,-10,-16
((3 * -7 * -4 * 2) + (7 - -3 - -3 * 1)) =,181,178
((-5 * -6 + -9 - 3) + (-7 - -2 - 6 * 6)) =,-23,-52
((6 - 5 + 5 + -9) - (9 + 8 * -6 * -1)) =,-60,-76
((8 * 3 - -1 - -3) * (-4 * 7 * -3 * 3)) =,7056,-5184
((5 + 3 - 6 + 1) + (-5 + 5 - 6 - 4)) =,-7,-10
((-9 + 6 + 1 - 7) * (2 - -2 + -9 + -2)) =,63,-81
((1 * 0 - -5 - 3) + (9 * 6 + -4 - 0)) =,52,68
((1 - 2 + 5 * 2) + (-2 - -7 + 3 * -8)) =,-10,-28
((5 + -7 + 1 - 5) - (-3 * -1 * 7 + -1)) =,-26,-27
((-7 * -2 + -4 + -4) - (9 * 1 * -6 * 6)) =,330,310
((1 + 0 - 3 + 0) - (-7 - 9 * 1 + -3)) =,17,16
((7 * 6 - -2 - 7) * (4 * 5 * -3 + 2)) =,-2146,-1170
((3 * -9 * 3 - 7) - (-9 + 4 * 8 + 2)) =,-113,-107
((9 + 6 - 9 + 8) * (9 - -9 * -6 + -2)) =,-658,-780
((5 * 6 + -6 - 8) * (-5 - 6 - 5 - -4)) =,-192,-660
((5 + 4 - -1 * -1) + (-6 - -7 + -1 * 6)) =,3,-1
((9 - 5 - 4 + -2) + (-9 + 1 - 1 - 9)) =,-20,-20
((6 - 9 * -6 - -9) + (3 * 3 + -5 * -9)) =,123,84
((-2 * 5 + -3 + 0) * (-9 + 2 + 5 * 4)) =,-169,-112
((5 * -3 * 3 * 7) * (0 + -9 - -5 - -2)) =,630,-1890
((8 - 3 + 0 + 7) + (-9 * -6 * 2 - 0)) =,120,145
((-2 * 9 * -8 + 8) - (0 * -4 - -6 * 4)) =,128,152
((-7 * -6 * 0 - 5) * (-3 - 9 * -8 * -9)) =,3255,-3495
((3 * 8 * -1 * -9) - (-2 + 2 * -8 * 8)) =,346,240
((-9 + 5 * 0 - -8) + (6 - -5 * -7 + -8)) =,-38,-16
((-2 - -7 - 5 * 2) + (-3 - 5 * 3 + -7)) =,-30,-32
((-9 + -7 + -1 - -1) * (3 - -7 - -1 * 0)) =,-160,-136
((-1 + 6 + 9 + 3) - (-5 - 9 - -3 + 4)) =,24,27
((-7 + 9 * 9 * 6) - (-2 - -5 + 9 + -7)) =,474,472
((-8 - -7 + 0 + 3) + (-3 + 5 - -5 * -8)) =,-36,-32
((8 - 4 - -8 - -7) + (6 - 5 - -1 - 4)) =,17,15
((-6 * 8 + -6 - -5) + (-4 - 9 * 5 - -1)) =,-97,-92
((5 * -9 - 4 - 4) - (-3 * 2 * 9 + -7)) =,8,-28
((4 * -9 * 3 * -8) + (-9 - 4 - -9 - -7)) =,867,859
((-7 - 2 - 0 + 2) * (-4 * -5 + -8 + 9)) =,-147,-70
((-1 + 7 * 7 * -9) * (4 + 3 + -8 * 4)) =,11050,-3402
((7 * 8 + 1 + 3) - (3 + -1 - -9 + -6)) =,55,60
((3 + -9 + 8 + -4) * (-4 + -6 - 4 - -8)) =,12,-28
((1 * 5 * -8 - -2) * (-2 * 6 - -5 * 3)) =,-114,-1170
((-8 - -1 * -8 * -2) * (-6 + 8 + -5 * -8)) =,336,-876
((4 - -6 + -9 + -7) - (9 + -3 - -7 * -8)) =,44,-108
((0 * -7 - 6 * 3) * (-9 + -5 - 2 * -1)) =,216,-252
((-8 * 1 * -1 + -5) + (-2 - -3 + 1 * -7)) =,-3,-12
((8 - -9 * 4 * 9) * (-4 * -3 * 7 * 9)) =,250992,-87480
((1 * -9 - 4 + -9) + (-1 + -6 + 9 - 5)) =,-25,-23
((-1 + 2 - 9 + 0) * (0 - -2 + -6 - 2)) =,48,-84
((7 * -5 * -9 + 7) - (2 + -8 * 6 * 3)) =,464,328
((-5 + -8 - -6 * 7) + (9 * -7 - -5 - -4)) =,-25,-80
((-6 * 9 - -5 + 8) * (-8 * -6 - -1 * 0)) =,-1968,-3744
((5 - -2 * 7 + -2) - (0 * 9 * -6 - -7)) =,10,-12
