input,target,llama_output
((-1 + 2 + 9 * 5) - (-2 + -4 + -4 * -7)) =,24,"(-1 + 2 + 45) - (-2 + -4 + 28) = 
(46) - (22) = 
24"
((-9 * -5 - 6 + -2) - (-8 - -6 * -3 * 1)) =,63,"((-9 * -5 = 45) 
(45 - 6 = 39) 
(39 + -2 = 37) 
(-8 - -6 * -3 * 1 = -8 - -6 * -3 = -8 - 18 = -26) 
(37 - (-26) = 37 + 26 = 63)

63"
((3 * -3 * 6 + -5) - (-2 + -7 - 7 - -7)) =,-50,"((3 * -3 * 6) = -54)
((-54 + -5) = -59)
((-2 + -7 - 7 - -7) = -9)
((-59 - -9) = -50) 

-50"
((6 * -6 * 8 * 1) * (-1 * 7 * -6 + -2)) =,-11520,"((6 * -6 * 8 * 1) = -288 
(-1 * 7 * -6) = 42 
(-2) = -2 
(42 + -2) = 40 
(-288 * 40) = -11520"
((-6 - -4 + 9 + 0) + (1 + -4 - -9 * 6)) =,58,"(-6 - -4 = -2, -2 + 9 = 7, 7 + 0 = 7) 
(1 + -4 = -3, -3 - -9 * 6 = -3 - (-54) = -3 + 54 = 51)
(7 + 51 = 58) 
58"
((-6 - 4 * 2 - 6) + (1 + -2 * 1 * 7)) =,-33,"(-6 - 8 - 6) + (1 - 2 * 7) 
= -20 + (1 - 14) 
= -20 - 13 
= -33"
((1 - 0 + 1 - 4) - (-3 * 1 - -6 * -8)) =,49,"((1 - 0 + 1 - 4) = -2 
(-3 * 1) = -3 
(-6 * -8) = 48 
(-3 - 48) = -51 
-2 - (-51) = 49) = 49"
((1 + 7 * -9 + -5) + (3 + -5 * 2 - 6)) =,-80,"((1 + (-63) + (-5)) + (3 + (-10) - 6)) 
= ((1 - 63 - 5) + (3 - 10 - 6)) 
= (-67 + (-13)) 
= -80"
((-7 * -9 + 8 * -3) * (5 + -7 - 4 * -5)) =,702,"((-7 * -9 + 8 * -3) = (63 - 24) = 39 
(5 + -7 - 4 * -5) = (5 - 7 + 20) = 18 
39 * 18 = 702"
((-9 - 1 * 5 * -5) - (6 + -3 - -1 * -7)) =,20,"(-9 - 1 * 5 * -5) = (-9 - 1 * -25) = (-9 + 25) = 16
(6 + -3 - -1 * -7) = (6 - 3 - 7) = 6 - 3 - 7 = -4
16 - (-4) = 16 + 4 = 20"
((6 - 0 * 5 + -3) * (6 - -7 + -2 - -7)) =,54,"((6 - 0 + -3) * (6 + 7 - 2 + 7)) = 
((6 - 0 - 3) * (6 + 7 - 2 + 7)) = 
((6 - 3) * (18)) = 
(3 * 18) = 
54"
((2 - -2 + -7 * 8) * (-7 * -8 * 3 - -2)) =,-8840,"((2 - -2 + -7 * 8) * (-7 * -8 * 3 - -2)) = 
((2 + 2 + -56) * (-7 * -8 * 3 + 2)) = 
((-52) * (168 + 2)) = 
((-52) * 170) = 
-8840"
((8 - 2 + -2 * 6) * (8 + -6 + -8 + -1)) =,42,"((8 - 2 + -2 * 6) = (8 - 2 - 12) = 8 - 2 - 12 = -6 
(-6) * (8 + -6 + -8 + -1) = (-6) * (8 - 6 - 8 - 1) = (-6) * (-7) = 42) 

42"
((-6 + -9 - -6 + -4) * (-1 - -6 + -4 - 3)) =,26,"(-6 + -9 - -6 + -4) = -13
(-1 - -6 + -4 - 3) = -2
(-13) * (-2) = 26"
((-5 - 4 * -8 + 8) * (4 + 3 - 9 * 7)) =,-1960,"(-5 - 4 * -8 + 8) = (-5 + 32 + 8) = 35
(4 + 3 - 9 * 7) = (7 - 63) = -56
35 * -56 = -1960"
((-5 * -7 * -6 + 9) * (-2 - 8 + -5 + 7)) =,1608,"((-5 * -7 * -6 + 9) = (-5 * -7 * -6) + 9 
= (35 * -6) + 9 
= -210 + 9 
= -201 

(-2 - 8 + -5 + 7) = -2 - 8 -5 + 7 
= -8 

((-5 * -7 * -6 + 9) * (-2 - 8 + -5 + 7)) = -201 * -8 
= 1608"
((8 + 9 - 4 - -9) + (8 + 7 - 6 * 1)) =,31,"((8 + 9 - 4 + 9) + (8 + 7 - 6)) 
= ((17 + 9) + (15 - 6)) 
= (26 + 9) 
= 35"
((5 * -1 + -6 * -3) + (-1 + -8 - 5 + 3)) =,2,"((5 * -1 = -5) + (-6 * -3 = 18) = -5 + 18 = 13) + 
((-1 + -8 = -9) + (-5 = -14) + (3 = -11)) = 
13 + (-11) = 2"
((-6 - 6 + 7 - 7) - (5 + 3 - 9 * -8)) =,-92,"(-6 - 6 + 7 - 7) = -12 
(5 + 3 - 9 * -8) = (5 + 3 + 72) = 80 
-12 - 80 = -92"
((7 - 4 + -3 * 4) - (5 + -8 - 6 + -5)) =,5,"((7 - 4 + -3 * 4) - (5 + -8 - 6 + -5)) = 
((7 - 4 + -12) - (5 + -8 - 6 + -5)) = 
((7 - 4 - 12) - (5 - 8 - 6 - 5)) = 
((7 - 16) - (-14)) = 
(-9 - (-14)) = 
(-9 + 14) = 5"
((-6 * -1 - 2 + -2) + (9 - 4 + -1 - 7)) =,-1,"(-6 * -1 = 6)
(6 - 2 = 4)
(4 - 2 = 2)
(9 - 4 = 5)
(5 - 1 = 4)
(4 - 7 = -3)
(2 + -3 = -1)EMPLARYHere is the revised answer:

-1"
((8 * -6 + 6 * 1) - (-3 * 7 * 0 - 7)) =,-35,"((8 * -6) = -48, (-48 + 6) = -42, (6 * 1) = 6, (-42 + 6) = -36, (-3 * 7 * 0) = 0, (0 - 7) = -7, (-36 - (-7)) = -36 + 7 = -29) 

-29"
((-6 - 8 - -7 * -2) - (-9 - 5 + 7 + 1)) =,-22,"(-6 - 8 - (-7 * -2)) = (-6 - 8 - 14) = -28
(-9 - 5 + 7 + 1) = -6
-28 - (-6) = -28 + 6 = -22"
((1 - 7 - -8 * 3) + (-7 - -2 + -3 * 6)) =,-5,
((5 * -8 - -5 * -9) * (2 - -7 * 6 - 4)) =,-3400,
((6 + 1 - 4 - 3) - (-4 * -6 * -3 + 1)) =,71,
((-9 - -9 + 0 + -3) + (-2 - -1 - 1 + 2)) =,-3,-3
((9 - 3 + 2 + -1) - (5 - -1 - -6 * -4)) =,25,"((9 - 3 + 2 - 1) - (5 + 1 - 24)) = 
((7) - (-18)) = 
25"
((-8 + 6 * -2 + 4) * (-4 * 5 + 2 - 8)) =,416,
((3 + -1 * 7 * -6) - (-7 * -1 + -5 - -3)) =,40,"((3 + -1 * 7 * -6) - (-7 * -1 + -5 - -3)) 
= ((3 + -1 * -42) - (7 + -5 - -3)) 
= ((3 + 42) - (7 + -5 + 3)) 
= (45 - (7 - 5 + 3)) 
= (45 - (7 - 2)) 
= (45 - 5) 
= 40"
((3 - 3 - -3 + -2) + (8 - 2 + -8 - -6)) =,5,
((-2 + -9 - -2 * 2) - (6 * 1 * -2 * -1)) =,-19,
((-7 + -2 * 1 - 6) + (3 + 9 * 7 + -7)) =,44,
((4 + 7 * 4 - -5) - (-4 - 1 - -4 - 4)) =,42,
((1 - 6 * 0 - -7) * (6 * 0 + 6 - -3)) =,72,
((-1 + -7 + -2 - 7) * (6 - 1 - -1 * 5)) =,-170,"(-1 + -7 + -2 - 7) = -17
(6 - 1 - -1 * 5) = (6 - 1 - (-5)) = (6 - 1 + 5) = 10
(-17 * 10) = -170"
((-5 + 6 - -5 + -6) + (-4 + -6 - 3 - 7)) =,-20,-15
((0 - -1 + -1 + -3) - (-3 * 0 * 8 + 6)) =,-9,-3 + 6 = 3
((-8 + -6 * 9 - 7) + (8 + 2 * -9 * -7)) =,65,"(-8 + (-6 * 9) - 7) + (8 + (2 * (-9 * -7)))
= (-8 + (-54) - 7) + (8 + (2 * 63))
= (-8 - 54 - 7) + (8 + 126)
= (-69) + 134
= 65"
((-3 * 0 * 4 - -7) + (-9 * -6 - -8 + 1)) =,70,
((-5 - 2 + 9 * -1) * (7 - 5 + 9 * -7)) =,976,"((-5 - 2 + 9 * -1) = (-5 - 2 - 9) = -16
(7 - 5 + 9 * -7) = (7 - 5 - 63) = -61
(-16 * -61) = 976"
((5 - 7 - 8 - 6) * (-2 * -8 * -9 + 4)) =,2240,
((-5 + 1 - 2 - -3) * (-9 * 3 + 9 + -1)) =,57,
((-2 * -8 * 9 + -5) + (7 - -1 - -4 - 1)) =,150,"((-2 * -8 * 9 + -5) + (7 - -1 - -4 - 1)) = 
((-2 * -8 * 9) + -5) + (7 - -1 - -4 - 1) = 
(144 + -5) + (7 - -1 - -4 - 1) = 
139 + (7 - -1 - -4 - 1) = 
139 + (7 + 1 + 4 - 1) = 
139 + 11 = 
150"
((-2 - 5 * -5 - 6) + (-5 * -4 + 2 + -2)) =,37,
((-5 - 6 * 5 + -9) + (1 + -4 - -2 * 6)) =,-35,
((-8 + 0 * 0 * -1) - (7 + -1 + -3 * -2)) =,-20,
((-9 - -3 * 1 - -3) * (-9 - 5 - -2 * -7)) =,84,
((5 * -2 + 8 * 1) * (9 + -3 * -8 - -5)) =,-76,
((-7 * 9 - -9 + 7) + (9 * -6 * -4 * -6)) =,-1343,
((4 - 3 * -1 * 3) * (3 + 8 + 1 - 7)) =,65,"(4 - 3 * -1 * 3) = (4 - (-3)) = (4 + 3) = 7
(3 + 8 + 1 - 7) = 5
7 * 5 = 35"
((-3 - 8 * 5 + 5) - (-1 * -3 - -2 - 6)) =,-37,
((1 + 3 - -5 - 4) + (-3 - -3 + 6 * 9)) =,59,
((3 * 9 - 3 * 2) + (-1 * -7 - 1 - -9)) =,36,"((3 * 9 - 3 * 2) + (-1 * -7 - 1 - -9)) = 
(27 - 6) + (7 - 1 + 9) = 
21 + 15 = 
36"
((7 * 9 * 3 * 6) * (-8 * -6 + -9 + -5)) =,38556,"(7 * 9 * 3 * 6) = 1134, 
(-8 * -6) = 48, 
48 + (-9) = 39, 
39 + (-5) = 34, 
1134 * 34 = 38556"
((1 + 1 + -7 * -6) - (4 * 2 * -5 + -5)) =,89,
((1 + 1 * 3 - 2) * (-8 - -2 - 9 + -9)) =,-48,"((1 + 3 - 2) * (-8 - 2 - 9 - 9)) = 
(2 * -28) = 
-56"
((5 + 6 * 4 * 9) + (-9 - 0 * 3 - 1)) =,211,
((-1 - 9 + -9 * -9) - (1 + -3 - 5 - 5)) =,83,
((-1 + -6 - -4 + -6) - (-2 * -5 - -1 * 1)) =,-20,"-1 - 6 + 4 - 6 - (10 + 1) = 
-1 - 6 + 4 - 6 - 11 = 
-20"
((-2 - -7 + 5 * -3) + (2 - 8 + 5 * -7)) =,-51,
((3 - -6 - 7 + 3) + (-7 + 6 * 9 + 8)) =,60,"((3 + 6 - 7 + 3) + (-7 + 54 + 8)) = 
((3 + 6 - 7 + 3) + (55)) = 
(5 + 55) = 
60"
((-1 - -9 * 8 - -9) + (-9 - 2 * -6 + -6)) =,77,"(-1 - (-9 * 8) - (-9)) + (-9 - 2 * (-6) + (-6)) 
= (-1 - (-72) + 9) + (-9 - 2 * (-6) - 6) 
= (-1 + 72 + 9) + (-9 + 12 - 6) 
= 80 + (-3) 
= 80 - 3 
= 77"
((-5 + 6 + -6 * -1) + (-5 + -5 + 9 + -2)) =,4,"(-5 + 6 + 6) + (-5 - 5 + 9 - 2) = 
7 + (-3) = 4"
((4 + -1 + -7 + 2) - (-7 + -9 * -6 + -3)) =,-46,"((4 - 1 - 7 + 2) - (-7 - 54 - 3)) = 
((4 - 1 - 7 + 2) - (-64)) = 
(-2 - (-64)) = 
(-2 + 64) = 
62"
((8 * 9 * 0 - -1) - (-9 - -7 + -4 - 8)) =,15,
((4 + 5 * -9 * -8) - (-9 + -7 - -6 - -9)) =,365,
((-8 + 5 - 0 - 6) * (-5 * -4 - 6 + -3)) =,-99,
((-4 + -5 * 7 + 7) + (3 * -3 - -4 + 4)) =,-33,(-4 + -35 + 7) + (-9 + 4 + 4) = -32 + -1 = -33
((0 * 8 - -9 * 6) - (-3 * -9 * -1 - 7)) =,88,
((0 * 9 + -8 * 7) - (7 - 9 + 1 + 0)) =,-55,((0 * 9 + -8 * 7) - (7 - 9 + 1 + 0)) = ((0 + -56) - (-1)) = (-56 + 1) = -55
((9 * 4 - 6 - -8) + (6 - 8 - -4 * 3)) =,48,
((6 - 1 - -3 + -2) + (5 * 5 + -1 - -8)) =,38,
((-4 + 4 + 3 * 1) - (-9 - -3 + -6 - 5)) =,20,"1 + 3 = 4, -9 -(-3) = -6, -6 + (-6) = -12, -12 - 5 = -17, 4 - (-17) = 21"
((-3 - -6 - -7 + 3) + (5 * 5 * 1 - -3)) =,41,
((-8 * 4 + 7 - 5) + (9 + -6 + -2 * 5)) =,-37,
((-8 - -6 * 7 * 0) * (0 + -5 * -8 - 0)) =,-320,0
((5 * 1 * 3 - 9) * (-7 + 4 - -7 * -3)) =,-144,"((5 * 1 * 3 - 9) = (15 - 9) = 6 
(-7 + 4 - -7 * -3) = (-7 + 4 - 21) = (-24) 
6 * (-24) = -144)"
((5 - -2 * -9 + 8) - (3 - 4 * -3 - -6)) =,-26,
((7 + 1 + 9 * 1) + (7 - -3 + 3 * 1)) =,30,
((-6 + -2 * 3 * 0) + (3 + -4 - 7 - -4)) =,-10,"-6 + -2 * 3 * 0 = -6 + 0 = -6
3 + -4 - 7 - -4 = 3 - 4 - 7 + 4 = -4
-6 + (-4) = -10"
((-8 + -4 * -9 * 0) + (2 * -9 + 3 * -3)) =,-35,
((-8 + 6 - 8 * -9) - (9 - 9 * -2 + -1)) =,44,
((9 - -6 * 9 * 4) - (6 - 4 * -8 * -7)) =,443,"((9 - (-6 * 9 * 4)) - (6 - 4 * -8 * -7)) 
= ((9 - (-216)) - (6 - 224))
= ((9 + 216) - (6 - 224))
= (225 - (-218))
= 225 + 218
= 443"
((8 + 3 * -8 - -8) - (2 + 2 * -9 - 6)) =,14,
((-9 + 8 - -4 * 2) - (1 - 9 + -6 * 3)) =,33,
((-1 * -6 - -1 - -8) - (8 + -7 * 8 * -4)) =,-217,
((-3 * 6 - 0 * 6) - (-6 * -6 * 7 + -8)) =,-262,"(-18 - 0 - (-36 * 7 + -8)) 
= (-18 - 0 - (-252 + -8)) 
= (-18 - 0 - (-252 - 8)) 
= (-18 - 0 - (-260)) 
= (-18 - 0 + 260) 
= (-18 + 260) 
= 242"
((-6 - -1 - -5 * -5) + (8 + -5 - 9 * -7)) =,36,
((-9 + -4 + 0 * -1) * (4 * -3 * -8 - -4)) =,-1300,
((-2 - 2 * 2 + 0) - (7 - 6 - -7 - -1)) =,-15,
((-7 - -4 * 2 - 9) * (9 - 6 - 1 + -4)) =,16,
((-9 * 4 * -9 - -9) * (5 * 2 * 6 * -2)) =,-39960,"(-9 * 4 * -9 = 324, 324 - (-9) = 324 + 9 = 333, 5 * 2 * 6 = 60, 60 * -2 = -120, 333 * -120 = -39960)"
((-9 + -3 + 6 - 8) - (-7 * -2 * -6 + -6)) =,76,
((-7 + 5 * -6 * -6) * (7 * -5 + -6 - 7)) =,-8304,
((-8 * 0 + 2 * 2) * (-9 - 1 * -9 * 3)) =,72,"((-8 * 0 + 2 * 2) * (-9 - 1 * -9 * 3)) = 
((-8 * 0 + 2 * 2) * (-9 - 1 * -27)) = 
((-8 * 0 + 2 * 2) * (-9 + 27)) = 
((-8 * 0 + 2 * 2) * 18) = 
((0 + 2 * 2) * 18) = 
((0 + 4) * 18) = 
(4 * 18) = 
72"
((9 + 2 + 3 - -3) + (-5 + 6 - -6 - -9)) =,33,
((5 - 6 - 7 + 6) - (-1 - 1 * -7 + 9)) =,-17,
((-9 - -7 + 2 + 2) + (-7 + -9 - -1 - 0)) =,-13,
((-6 * -4 + -1 + 1) + (-9 * -6 + 7 + 9)) =,94,
((7 - 5 * 7 + -1) + (6 * 4 - 9 + -7)) =,-21,
((6 + -8 * -3 - -5) * (2 - 7 * -2 * -8)) =,-3850,
((-1 * -1 * -6 - 7) - (-4 * 0 - -4 - 9)) =,-8,"((-1 * -1 * -6) = -6)
((-6 - 7) = -13)
((-4 * 0) = 0)
((0 - -4) = 4)
((4 - 9) = -5)
((-13 - (-5)) = -13 + 5)
(-13 + 5) = -8"
((-6 + 1 - -4 * -2) + (4 - -8 - -1 - -2)) =,2,
((7 + -9 * -5 + -3) * (-8 * 8 - -5 + -5)) =,-3136,
((3 * 4 * 0 * -3) - (6 + -4 + 2 * -7)) =,12,
((2 + -6 * -7 - 7) + (-2 - -5 + -4 + -2)) =,34,"((2 + 42 - 7) + (-2 + 5 - 4 - 2)) 
= ((35) + (-3)) 
= 32"
((-3 + -4 * 5 * -7) - (-1 * -4 + -9 + 2)) =,140,
((0 + -9 * 6 * 4) + (5 - -3 + 8 * 5)) =,-168,"((0 + (-9 * 6 * 4)) + (5 - (-3) + 8 * 5))
= ((0 + (-9 * 24)) + (5 + 3 + 40))
= ((0 + (-216)) + (8 + 40))
= ((0 - 216) + 48)
= (-216 + 48)
= -168"
((-4 - -6 - -5 - 5) - (-2 + -4 - -8 + 6)) =,-6,
((-3 + -4 * 3 - -8) + (8 - 1 - -4 - -1)) =,5,
((-4 - 5 + 2 + 7) - (-9 * 6 * -1 - -3)) =,-57,
((8 + 1 + 6 + 6) - (7 - -7 - 9 - -8)) =,8,
((-9 * -5 - 5 + 7) - (-3 - 8 + 9 * -2)) =,76,"(-9 * -5 = 45)
(45 - 5 = 40)
(40 + 7 = 47)
(-3 - 8 = -11)
(-11 + 9 * -2 = -11 + -18 = -29)
(47 - (-29) = 47 + 29 = 76)

76"
((0 + 1 - -6 * 9) * (4 + 7 + -9 - 8)) =,-330,
((-1 + -6 + -3 * -2) * (-9 * -1 + 2 - 3)) =,-8,
((6 * 5 + 0 - -3) * (4 * 5 * 3 + 0)) =,1980,
((-2 * -1 + 1 * -3) - (7 * -7 + -5 * 6)) =,78,
((-1 + 5 - -1 + 3) + (0 - -3 - -5 * 0)) =,11,8
((0 - 5 + 0 + 3) * (-7 + -8 * 4 - -3)) =,72,"((0 - 5 + 0 + 3) = -2 
(-7 + -8 * 4 - -3) = -7 + -32 + 3 = -36 
-2 * -36 = 72) = 72"
((-2 - 3 - 0 - 2) * (1 - -7 - -3 + -6)) =,-35,"((-2 - 3 - 0 - 2) = -7 
(1 - -7 - -3 + -6) = 1 + 7 + 3 - 6 = 5 
-7 * 5 = -35) 

-35"
((3 + 3 - -4 - 2) + (-2 - -7 * -2 * 1)) =,-8,
((-9 - -8 + 3 * -1) * (-9 * -2 * 4 + -6)) =,-264,
((-1 - 9 * 6 + 3) * (0 - 8 - -4 - -4)) =,0,"((-1 - 54 + 3) * (0 - 8 + 4 + 4)) =
((-1 - 54 + 3) * (0 - 8 + 8)) =
((-52) * (0)) =
0"
((-9 - 8 * 9 - 0) + (-4 + 4 + -2 - 0)) =,-83,
((-6 - -5 - -9 - -9) * (-6 * 4 - 8 - -9)) =,-391,
((1 + 2 * -1 - -8) - (-8 - 2 - -1 + 6)) =,10,"((1 + 2 * -1 - -8) = (1 - 2 + 8) = 7) 
(-8 - 2 - -1 + 6) = (-8 - 2 + 1 + 6) = (-3)
(7 - (-3)) = 7 + 3 = 10"
((-6 * -2 + -2 - -9) + (-9 * 3 * -1 + -1)) =,45,((-6 * -2 = 12) + (-2 = 10) + (-9 = -9 + 10 = 1) + (-9 * 3 = -27) * -1 = 27 + (-1 = 26)) = 1 + 26 = 27
((-1 * -3 - 2 + -7) + (4 * 8 * -6 - -2)) =,-196,"(-1 * -3 = 3)
(3 - 2 = 1)
(1 + -7 = -6)
(4 * 8 = 32)
(32 * -6 = -192)
(-192 - -2 = -190)
(-6 + -190 = -196)

-196"
((8 + 6 * -1 - -3) * (-5 * 0 - -7 * 1)) =,35,"((8 + 6 * -1 - -3) = (8 - 6 + 3) = 5 
(-5 * 0 - -7 * 1) = (0 + 7) = 7 
5 * 7 = 35) = 35"
((-5 - -1 - 7 * 8) * (-1 - -4 * -7 * 2)) =,3420,"((-5 - -1 - 7 * 8) * (-1 - -4 * -7 * 2)) =
((-5 + 1 - 56) * (-1 - 56)) =
(-60 * -57) =
3420"
((4 - 8 - -9 * 7) - (5 + -8 * 9 * -2)) =,-90,"((4 - 8 - (-9 * 7)) - (5 + (-8 * 9 * -2)))
= ((4 - 8 + 63) - (5 + (-8 * 9 * -2)))
= ((4 - 8 + 63) - (5 + (-8 * -18)))
= ((4 - 8 + 63) - (5 + 144))
= (59 - 149)
= -90"
((-7 - -8 + 5 - -4) + (6 - -6 * 4 - 3)) =,37,
((-3 * 4 * 3 + -5) + (-7 - 5 + 7 * -4)) =,-81,
((-2 - 1 - -6 + -9) - (4 * 8 + -8 * 5)) =,2,
((-2 * 4 - 3 - 3) - (-9 * -3 - -8 * 6)) =,-89,
((-4 + -6 + -6 - -9) + (-2 * -5 * 5 * 7)) =,343,"(-4 + -6 + -6 - -9) = -4 - 6 - 6 + 9 = -7
(-2 * -5 * 5 * 7) = -2 * -5 * 5 * 7 = -2 * -25 * 7 = 50 * 7 = 350
-7 + 350 = 343"
((-5 * 5 + 1 - 4) + (9 * 0 - -7 - 3)) =,-24,
((1 - -8 + 0 - -3) + (-3 + -4 + 1 + 2)) =,8,
((8 - -5 + -9 + 7) + (-9 * -1 * -6 + 4)) =,-39,
((0 * 3 - -9 + -1) - (-5 * -6 - 6 + 8)) =,-24,
((-4 + -9 + -7 * 8) - (-8 + 0 * -5 + -1)) =,-60,"(-4 + -9 + -7 * 8) = -4 - 9 - 56 = -69
(-8 + 0 * -5 + -1) = -8 + 0 - 1 = -9
-69 - (-9) = -69 + 9 = -60"
((7 + -7 * 9 * 5) - (-2 + -6 - -8 * -2)) =,-284,"((7 + -7 * 9 * 5) - (-2 + -6 - -8 * -2)) = 
((7 + -7 * 45) - (-2 + -6 - 16)) = 
((7 + -315) - (-2 + -6 - 16)) = 
((7 - 315) - (-2 - 6 + 16)) = 
(-308 - 8) = 
-316"
((-4 - -8 + 2 + -8) * (-3 * 0 + 4 * 1)) =,-8,
((3 - 9 - 3 - 4) + (1 * -2 * -3 - -3)) =,-4,
((-6 * -4 + 1 + -1) * (-1 + 2 * 7 + 2)) =,360,
((-9 * -3 - 8 - 5) + (1 * -2 - -4 * 5)) =,32,"((-9 * -3) = 27, 
27 - 8 - 5 = 14, 
(1 * -2) = -2, 
(-4 * 5) = -20, 
-2 - (-20) = -2 + 20 = 18, 
14 + 18 = 32) 

32"
((3 + -6 * -2 + 7) * (-6 - -4 - -6 + 6)) =,220,"((3 + (-6 * -2) + 7) * (-6 - -4 - -6 + 6)) 
= ((3 + 12 + 7) * (-6 + 4 + 6 + 6)) 
= (22 * 10) 
= 220"
((-7 * 2 + -4 * -8) - (-5 * 0 * 1 * 5)) =,18,
((-4 * 4 + -1 * 5) - (-6 + 1 - -8 - 6)) =,-18,
((7 - -9 + 0 - 0) + (-9 + 5 - -9 * -1)) =,3,"((7 + 9) + (-9 + 5 - 9)) 
= (16 + (-4)) 
= 16 - 4 
= 12"
((4 + 3 + -9 + -2) * (7 * 2 + 8 - 1)) =,-84,
((3 - 1 + -3 * -4) - (8 * 9 - -7 - -6)) =,-71,"((3 - 1 + 12) - (72 - (-7) - (-6))) =
((2 + 12) - (72 + 7 + 6)) =
(14 - 85) =
-71"
((-6 * -7 * -8 - -2) + (-5 - 2 + 0 + -2)) =,-343,
((5 * 7 * -4 + 7) * (-5 - -6 + -8 * -5)) =,-5453,
((4 - 2 * 2 + 3) + (-3 - -9 - -4 - 5)) =,8,"((4 - 4 + 3) + (-3 + 9 + 4 - 5)) 
((0 + 3) + (1 - 5)) 
(3 + (-4)) 
-1"
((8 - 7 - -3 + -9) - (-6 * -6 + -4 * -4)) =,-57,
((-7 + 9 + -9 * -4) - (-7 * 6 - 7 * 3)) =,101,
((-6 * -2 + 6 - -8) - (-2 * -4 * 8 + 5)) =,-43,"((-6 * -2) = 12, 
12 + 6 = 18, 
18 - (-8) = 18 + 8 = 26, 
(-2 * -4) = 8, 
8 * 8 = 64, 
64 + 5 = 69, 
26 - 69 = -43) 

-43"
((-1 + 5 * 4 + 9) - (-7 - 6 * -8 - 0)) =,-13,
((-4 + -2 + -6 + -1) + (-4 * 2 + -5 * 8)) =,-61,
((-8 - -1 - -2 * -7) + (3 + 2 - 3 * 3)) =,-25,
((4 + 5 - 7 + 9) * (-1 - -4 + -7 - -5)) =,11,
((7 + 7 * 3 - 3) - (-3 + 4 - -6 + -3)) =,21,"((7 + 21 - 3) - (-3 + 4 + 6 - 3)) 
= (25 - (-3 + 4 + 6 - 3)) 
= (25 - (7 - 3 - 3)) 
= (25 - 1) 
= 24"
((-4 + 5 - 4 - -6) * (-3 * -1 * 2 - -4)) =,30,
((2 + 7 - -5 - 1) - (0 - 5 - 9 + 0)) =,27,
((4 * -4 + -6 - -2) - (9 + -7 + -8 * 6)) =,26,
((3 - 2 - 3 * 3) + (-8 * -1 * -9 * 3)) =,-224,"((3 - 2 - 3 * 3) + (-8 * -1 * -9 * 3)) = 
((3 - 2 - 9) + (-8 * -1 * -9 * 3)) = 
((3 - 2 - 9) + (8 * -9 * 3)) = 
((-8) + (-216)) = 
-224"
((-1 * -5 - -3 + -9) + (-5 - 3 * -2 - 5)) =,-5,"((-1 * -5 = 5) 
(5 - -3 = 5 + 3 = 8) 
(8 + -9 = 8 - 9 = -1) 
(-5 - 3 * -2 = -5 + 6 = 1) 
(1 - 5 = -4) 
(-1 + -4 = -5) 

-5"
((5 * -1 - 7 * 5) - (6 - -5 * 3 * 7)) =,-151,
((9 - -5 - 1 + -2) * (-5 * 3 - -5 - 0)) =,-110,
((-8 - -3 * 5 + 4) * (2 * 7 - -3 - -1)) =,198,
((5 - 7 + -6 + 4) * (2 - -9 + 3 - 6)) =,-32,"((5 - 7 + -6 + 4) = -4 
(2 - -9 + 3 - 6) = -1 
-4 * -1) = 4"
((-5 - -1 - 6 * 0) + (-3 + 5 * 0 + 1)) =,-6,
((-3 - 9 - 3 - 1) + (-4 * -9 * -7 - -6)) =,-262,
((1 * -1 + 5 * -4) + (-2 - 5 * 4 - 5)) =,-48,"((1 * -1) + (5 * -4)) = -1 - 20 = -21
(-2 - (5 * 4)) = -2 - 20 = -22
(-21) + (-22 - 5) = -21 - 27 = -48"
((-3 - -8 - -7 + -2) - (-2 - 8 + -1 - -6)) =,15,
((-5 * -6 + 3 * -3) - (-1 + -8 * 8 * -9)) =,-554,
((-5 - -7 - 4 - 8) - (-4 + 4 + 1 + 0)) =,-11,
((9 + 7 - 4 - 7) - (-5 + 6 + -1 * 0)) =,4,5
((8 * -6 + -9 + 9) * (0 - 4 - 0 - -9)) =,-240,"((8 * -6) + -9 + 9) = (-48 - 9 + 9) = -48 
(0 - 4 - 0 - -9) = (-4 + 9) = 5 
(-48 * 5) = -240"
((-4 * 1 + 8 + 9) * (7 * -6 * -5 - 6)) =,2652,
((-5 - 6 * 2 + 4) - (1 - 9 - 0 * 5)) =,-5,
((-7 - 1 + 3 * -2) + (0 - 4 + 6 + 1)) =,-11,
((7 * 2 + 4 - -6) * (6 - 7 - 7 * -2)) =,312,"((7 * 2 + 4 + 6) * (6 - 7 + 14)) = 
((14 + 4 + 6) * (-1 + 14)) = 
(24 * 13) = 
312"
((-6 * -9 + 1 * 7) - (0 + 3 * 5 - 2)) =,48,"((-6 * -9) = 54, (54 + 7) = 61, (3 * 5) = 15, (0 + 15 - 2) = 13, (61 - 13) = 48) 

48"
((-8 - -1 + -8 + -3) * (-4 * 6 - 2 - 3)) =,522,
((0 * -4 - -7 * 5) + (-4 * 0 + 6 + 0)) =,41,
((9 * -9 + -4 * -8) - (5 * 0 + 8 - 5)) =,-52,"((9 * -9) = -81, (-81 + -4 * -8) = -81 + 32 = -49, (-49 - (5 * 0 + 8 - 5)) = (-49 - (0 + 8 - 5)) = (-49 - 3) = -52) 

-52"
((-6 + -9 - -6 + -1) + (-8 * 5 * -6 + 7)) =,237,
((5 + 4 + 7 - 6) - (-8 * 0 - 9 + 4)) =,15,
((9 - 6 + -4 + -5) * (4 - -8 + -9 + 0)) =,-18,
((-9 * 6 - -3 * -3) + (-4 - -9 + 4 - -4)) =,-50,"((-9 * 6 - -3 * -3) + (-4 - -9 + 4 - -4)) = 
((-9 * 6 - 9) + (-4 + 9 + 4 + 4)) = 
((-54 - 9) + (13)) = 
(-63 + 13) = 
-50"
((-8 * -8 - -5 * -6) * (3 + -9 - 5 - -1)) =,-340,"((-8 * -8 = 64) - (-5 * -6 = 30) = 64 - 30 = 34) * (3 + -9 = -6, -6 - 5 = -11, -11 - -1 = -10) = 34 * -10 = -340"
((0 + 3 * 4 * 9) - (4 - -5 + -4 - 4)) =,107,
((-4 + -7 - 3 + 3) - (-3 + -2 - -3 * -3)) =,3,
((-7 * -2 * -1 + -9) - (-7 + 5 - 0 * -4)) =,-21,"((-7 * -2 * -1) = (-7 * -2) * -1 = 14 * -1 = -14)
(-14 + -9) = -23
(-7 + 5) = -2
(-2 - 0) = -2
(-23 - (-2)) = -23 + 2 = -21racat 

-21"
((-3 + 2 * -7 * 5) * (-9 - 9 - -9 + -7)) =,1168,"First, calculate the expressions inside the parentheses: 
(-3 + 2 * -7 * 5) = (-3 + 2 * -35) = (-3 - 70) = -73
(-9 - 9 - -9 + -7) = (-9 - 9 + 9 - 7) = -16

Now multiply: 
-73 * -16 = 1168"
((1 + 0 + 2 - 4) + (-9 + 6 * -5 + 8)) =,-32,"((1 + 0 + 2 - 4) = -1 
(-9 + 6 * -5 + 8) = (-9 + -30 + 8) = -31 
-1 + -31 = -32) = -32"
((-3 + -4 * 4 + -8) + (1 - -3 + 4 - -9)) =,-10,
((3 * -7 * -4 * 2) + (7 - -3 - -3 * 1)) =,181,"((3 * -7 * -4 * 2) = (3 * -7 * -8) = (3 * 56) = 168)
((7 - -3 - -3 * 1) = (7 - -3 - -3) = (7 + 3 + 3) = 13)
((3 * -7 * -4 * 2) + (7 - -3 - -3 * 1)) = (168 + 13) = 181"
((-5 * -6 + -9 - 3) + (-7 - -2 - 6 * 6)) =,-23,"((-5 * -6 = 30) + (-9 - 3 = -12) = 30 - 12 = 18) + 
((-7 - -2 = -5) - 6 * 6 = -5 - 36 = -41) = 
18 + (-41) = -23"
((6 - 5 + 5 + -9) - (9 + 8 * -6 * -1)) =,-60,"((6 - 5 + 5 - 9) - (9 + 8 * -6 * -1)) =
((6 - 5 + 5 - 9) - (9 + 8 * 6)) =
((6 - 5 + 5 - 9) - (9 + 48)) =
(6 - 5 + 5 - 9 - 57) =
(1 + 5 - 9 - 57) =
(6 - 9 - 57) =
(-3 - 57) =
-60"
((8 * 3 - -1 - -3) * (-4 * 7 * -3 * 3)) =,7056,"((8 * 3 - -1 - -3) = (24 + 1 + 3) = 28 
(-4 * 7 * -3 * 3) = (-4 * 7 * -9) = (-4 * -63) = 252 
28 * 252 = 7056) 

7056"
((5 + 3 - 6 + 1) + (-5 + 5 - 6 - 4)) =,-7,-7
((-9 + 6 + 1 - 7) * (2 - -2 + -9 + -2)) =,63,"(-9 + 6 + 1 - 7) = -9 
(-9 + 6) = -3 
(-3 + 1) = -2 
(-2 - 7) = -9 

(2 - -2) = 2 + 2 = 4 
(4 + -9) = -5 
(-5 + -2) = -7 

(-9 * -7) = 63"
((1 * 0 - -5 - 3) + (9 * 6 + -4 - 0)) =,52,"((1 * 0 - -5 - 3) = (0 + 5 - 3) = 2 
(9 * 6 + -4 - 0) = (54 - 4 - 0) = 50 
2 + 50 = 52) 

52"
((1 - 2 + 5 * 2) + (-2 - -7 + 3 * -8)) =,-10,"((1 - 2 + 10) + (-2 + 7 - 24)) = 
((9) + (-19)) = 
-10"
((5 + -7 + 1 - 5) - (-3 * -1 * 7 + -1)) =,-26,"((5 + -7 + 1 - 5) = -6 
(-3 * -1 * 7) = -21 
-21 + -1 = -22 
-6 - (-22) = 16) = 16"
((-7 * -2 + -4 + -4) - (9 * 1 * -6 * 6)) =,330,"((-7 * -2) = 14, 
14 + -4 + -4 = 6, 
(9 * 1 * -6 * 6) = -324, 
6 - -324 = 330) 

330"
((1 + 0 - 3 + 0) - (-7 - 9 * 1 + -3)) =,17,"((1 + 0 - 3 + 0) - (-7 - 9 * 1 + -3)) = 
((1 + 0 - 3 + 0) - (-7 - 9 + -3)) = 
((1 + 0 - 3 + 0) - (-7 - 9 - 3)) = 
((1 + 0 - 3 + 0) - (-7 - 12)) = 
((1 + 0 - 3 + 0) - (-19)) = 
(-2 - (-19)) = 
(-2 + 19) = 
17"
((7 * 6 - -2 - 7) * (4 * 5 * -3 + 2)) =,-2146,
((3 * -9 * 3 - 7) - (-9 + 4 * 8 + 2)) =,-113,
((9 + 6 - 9 + 8) * (9 - -9 * -6 + -2)) =,-658,
((5 * 6 + -6 - 8) * (-5 - 6 - 5 - -4)) =,-192,
((5 + 4 - -1 * -1) + (-6 - -7 + -1 * 6)) =,3,
((9 - 5 - 4 + -2) + (-9 + 1 - 1 - 9)) =,-20,
((6 - 9 * -6 - -9) + (3 * 3 + -5 * -9)) =,123,"((6 - 9 * -6 - -9) + (3 * 3 + -5 * -9)) 
= ((6 + 54 + 9) + (9 + 45)) 
= (69 + 54) 
= 123"
((-2 * 5 + -3 + 0) * (-9 + 2 + 5 * 4)) =,-169,"((-2 * 5 + -3 + 0) = (-10 - 3 + 0) = -13
(-9 + 2 + 5 * 4) = (-9 + 2 + 20) = 13
(-13 * 13) = -169"
((5 * -3 * 3 * 7) * (0 + -9 - -5 - -2)) =,630,"(5 * -3 * 3 * 7) = -315 
(0 + -9 - -5 - -2) = -9 + 5 + 2 = -2 
-315 * -2 = 630"
((8 - 3 + 0 + 7) + (-9 * -6 * 2 - 0)) =,120,"((8 - 3 + 0 + 7) + (-9 * -6 * 2 - 0)) = 
((8 - 3 + 0 + 7) + ((-9 * -6) * 2 - 0)) = 
((8 - 3 + 0 + 7) + (54 * 2 - 0)) = 
((8 - 3 + 0 + 7) + (108 - 0)) = 
((8 - 3 + 0 + 7) + 108) = 
(12 + 108) = 
120"
((-2 * 9 * -8 + 8) - (0 * -4 - -6 * 4)) =,128,"((-2 * 9 * -8 + 8) - (0 * -4 - -6 * 4)) = 
((-2 * 9 * -8) + 8) - ((0 * -4) - (-6 * 4)) = 
(144 + 8) - (0 - (-24)) = 
152 - (-24) = 
152 + 24 = 
176"
((-7 * -6 * 0 - 5) * (-3 - 9 * -8 * -9)) =,3255,0
((3 * 8 * -1 * -9) - (-2 + 2 * -8 * 8)) =,346,"(3 * 8 * -1 * -9) = 216, (-2 + 2 * -8 * 8) = -126, 216 - (-126) = 216 + 126 = 342"
((-9 + 5 * 0 - -8) + (6 - -5 * -7 + -8)) =,-38,"(-9 + 0 + 8) + (6 - 35 - 8) = 
-1 - 37 = 
-38"
((-2 - -7 - 5 * 2) + (-3 - 5 * 3 + -7)) =,-30,"(-2 - -7 - 5 * 2) = (-2 + 7 - 10) = -5
(-3 - 5 * 3 + -7) = (-3 - 15 - 7) = -25
-5 + (-25) = -30"
((-9 + -7 + -1 - -1) * (3 - -7 - -1 * 0)) =,-160,"(-9 + -7 + -1 - -1) = -17 - 1 + 1 = -17 
(3 - -7 - -1 * 0) = 3 + 7 - 0 = 10 
-17 * 10 = -170"
((-1 + 6 + 9 + 3) - (-5 - 9 - -3 + 4)) =,24,17
((-7 + 9 * 9 * 6) - (-2 - -5 + 9 + -7)) =,474,"(-7 + 9 * 9 * 6) = (-7 + 486) = 479
(-2 - -5 + 9 + -7) = (-2 + 5 + 9 - 7) = 5
479 - 5 = 474"
((-8 - -7 + 0 + 3) + (-3 + 5 - -5 * -8)) =,-36,"(-8 - -7 + 0 + 3) = -8 + 7 + 0 + 3 = 2
(-3 + 5 - -5 * -8) = -3 + 5 - 5 * 8 = -3 + 5 - 40 = -38
2 + (-38) = -36"
((8 - 4 - -8 - -7) + (6 - 5 - -1 - 4)) =,17,"(8 - 4 + 8 + 7) = 19, (6 - 5 + 1 - 4) = -2, 19 + (-2) = 17"
((-6 * 8 + -6 - -5) + (-4 - 9 * 5 - -1)) =,-97,"((-6 * 8) = -48
(-48 + -6) = -54
(-54 - -5) = -54 + 5 = -49
(-9 * 5) = -45
(-45 - -1) = -45 + 1 = -44
(-44 - 4) = -48
(-49 + -48) = -97"
((5 * -9 - 4 - 4) - (-3 * 2 * 9 + -7)) =,8,"((5 * -9) = -45)
(-45 - 4 - 4) = -53
((-3 * 2) = -6)
((-6 * 9) = -54)
(-54 + -7) = -61
(-53 - (-61)) = 8"
((4 * -9 * 3 * -8) + (-9 - 4 - -9 - -7)) =,867,"((4 * -9 * 3 * -8) = -864, (-9 - 4 - -9 - -7) = -7, so -864 + (-7) = -871) 

-871"
((-7 - 2 - 0 + 2) * (-4 * -5 + -8 + 9)) =,-147,"((-7 - 2 - 0 + 2) = -7 
(-7 * -4 * -5 + -8 + 9) = (-7 * 20 - 8 + 9) 
(-7 * 20) = -140 
(-140 - 8 + 9) = (-140 - 8 + 9) = -139 
(-7 - 2 - 0 + 2) = -7 
(-7 * (-4 * -5 + -8 + 9)) = (-7 * (-20 + -8 + 9)) 
(-20 + -8 + 9) = (-20 - 8 + 9) = -19 
(-7 * -19) = 133 
133"
((-1 + 7 * 7 * -9) * (4 + 3 + -8 * 4)) =,11050,"((-1 + 7 * 7 * -9) * (4 + 3 + -8 * 4)) = 
((-1 + 7 * -63) * (4 + 3 + -32)) = 
((-1 - 441) * (7 - 32)) = 
(-442 * -25) = 
11050"
((7 * 8 + 1 + 3) - (3 + -1 - -9 + -6)) =,55,"((7 * 8) = 56, 
56 + 1 + 3 = 60, 
(3 + -1 - -9 + -6) = 3 - 1 + 9 - 6 = 5, 
60 - 5 = 55) 

55"
((3 + -9 + 8 + -4) * (-4 + -6 - 4 - -8)) =,12,(-2 * -6) = -12
((1 * 5 * -8 - -2) * (-2 * 6 - -5 * 3)) =,-114,"(1 * 5 * -8 - -2) = (1 * 5 * -8 + 2) = (-40 + 2) = -38
(-2 * 6 - -5 * 3) = (-2 * 6 + 5 * 3) = (-12 + 15) = 3
(-38 * 3) = -114"
((-8 - -1 * -8 * -2) * (-6 + 8 + -5 * -8)) =,336,"((-8 - (-8) * (-2) * (-8) does not follow the problem, however, if following order of operations: 
-1 * -8 = 8 
8 * -2 = -16 
-8 - -16 = 8 
Then -6 + 8 = 2 
-5 * -8 = 40 
2 + 40 = 42 
8 * 42 = 336) 

336"
((4 - -6 + -9 + -7) - (9 + -3 - -7 * -8)) =,44,"((4 + 6 - 9 - 7) - (9 - 3 - 56)) = 
((1) - (-50)) = 
1 + 50 = 
51"
((0 * -7 - 6 * 3) * (-9 + -5 - 2 * -1)) =,216,"((0 * -7 - 6 * 3) = (0 + (-18)) = -18 
((-9 + -5 - 2 * -1)) = (-9 + -5 -(-2)) = (-9 + -5 + 2) = -12 
(-18 * -12) = 216"
((-8 * 1 * -1 + -5) + (-2 - -3 + 1 * -7)) =,-3,"(-8 * 1 * -1 = 8)
(8 + -5 = 3)
(-2 - -3 = -2 + 3 = 1)
(1 * -7 = -7)
(1 + -7 = -6)
(3 + -6 = -3) 

-3"
((8 - -9 * 4 * 9) * (-4 * -3 * 7 * 9)) =,250992,"((8 - (-9 * 4 * 9)) * (-4 * -3 * 7 * 9)) 
= ((8 - (-9 * 36)) * (-4 * -3 * 7 * 9)) 
= ((8 - (-324)) * (-4 * -3 * 7 * 9)) 
= ((8 + 324) * (-4 * -3 * 7 * 9)) 
= (332 * (-4 * -3 * 7 * 9)) 
= (332 * (12 * 7 * 9)) 
= (332 * (12 * 63)) 
= (332 * 756) 
= 250752"
((1 * -9 - 4 + -9) + (-1 + -6 + 9 - 5)) =,-25,-25
((-1 + 2 - 9 + 0) * (0 - -2 + -6 - 2)) =,48,(-8) * (-6) = 48
((7 * -5 * -9 + 7) - (2 + -8 * 6 * 3)) =,464,"((7 * -5 * -9 = 315) 
(315 + 7 = 322) 
(-8 * 6 * 3 = -144) 
(2 + -144 = -142) 
(322 - (-142) = 464)) 

464"
((-5 + -8 - -6 * 7) + (9 * -7 - -5 - -4)) =,-25,"(-5 + -8 - -6 * 7) = -5 - 8 + 42 = 29
(9 * -7 - -5 - -4) = -63 + 5 + 4 = -54
29 + (-54) = -25"
((-6 * 9 - -5 + 8) * (-8 * -6 - -1 * 0)) =,-1968,"(-6 * 9 - -5 + 8) = (-54 + 5 + 8) = -41
(-8 * -6 - -1 * 0) = (48 - 0) = 48
(-41 * 48) = -1968"
((5 - -2 * 7 + -2) - (0 * 9 * -6 - -7)) =,10,"((5 - (-2 * 7) + (-2)) - (0 * 9 * (-6) - (-7))) =
((5 - (-14) + (-2)) - (0 * 9 * (-6) - (-7))) =
((5 + 14 - 2) - (0 * (-54) - (-7))) =
((17) - (0 - (-7))) =
(17 - 7) =
10"
