target,full_input,llama3-8b-8192
C,"An astronomer observes that a planet rotates faster after a meteorite impact. Which is the most likely effect of this increase in rotation? A: Planetary density will decrease.
B: Planetary years will become longer.
C: Planetary days will become shorter.
D: Planetary gravity will become stronger.
",C: Planetary days will become shorter.
B,"A group of engineers wanted to know how different building designs would respond during an earthquake. They made several models of buildings and tested each for its ability to withstand earthquake conditions. Which will most likely result from testing different building designs? A: buildings will be built faster
B: buildings will be made safer
C: building designs will look nicer
D: building materials will be cheaper
",B: buildings will be made safer
C,"The end result in the process of photosynthesis is the production of sugar and oxygen. Which step signals the beginning of photosynthesis? A: Chemical energy is absorbed through the roots.
B: Light energy is converted to chemical energy.
C: Chlorophyll in the leaf captures light energy.
D: Sunlight is converted into chlorophyll.
",C: Chlorophyll in the leaf captures light energy.
D,"A physicist wants to determine the speed a car must reach to jump over a ramp. The physicist conducts three trials. In trials two and three, the speed of the car is increased by 20 miles per hour. What is the physicist investigating when he changes the speed? A: the control
B: the hypothesis statement
C: the dependent (responding) variable
D: the independent (manipulated) variable
",D: the independent (manipulated) variable
D,"An astronaut drops a 1.0 kg object and a 5.0 kg object on the Moon. Both objects fall a total distance of 2.0 m vertically. Which of the following best describes the objects after they have fallen a distance of 1.0 m? A: They have each lost kinetic energy.
B: They have each gained the same amount of potential energy.
C: They have each lost the same amount of potential energy.
D: They have each gained one-half of their maximum kinetic energy.
",C: They have each lost the same amount of potential energy.
